empresa,grupo_corporativo,sector,subsector,estado,ciudad,cargo_contacto,dolor_principal,viajes_mes_estimados,modo_transporte,puertos_frontera,certificacion_actual,meta_sostenibilidad,relevancia_clcircular,razon_relevancia,fuente_dato,linkedin_empresa,sitio_web
Nemak S.A.B. de C.V.,Alfa S.A.B. (BMV: NEMAKA),Autopartes,Fundición aluminio / Tier 1,Nuevo León,García,VP Supply Chain & Logistics / Director de Logística,Componentes aluminio de alto valor; exporta a 38 plantas en 15 países; riesgo de golpes y vibración en tránsito; trazabilidad lote-a-lote requerida por OEMs,300+,Terrestre + Marítimo,"Laredo TX, El Paso TX, Veracruz","IATF 16949, ISO 14001, ISO 27001",Net Zero 2050 (Nemak Sustainability Report),Alta,Componentes de alto valor requieren monitoreo golpes y temperatura en fundición; clientes OEM exigen trazabilidad total; volumen masivo internacional,nemak.com/about; BMV Nemak RA 2024; investors.nemak.com,linkedin.com/company/nemak,nemak.com
Metalsa S.A. de C.V.,Proeza Group (privado),Autopartes,Estructuras metálicas / Tier 1,Nuevo León,Monterrey,Director de Supply Chain Global,"Estructuras chasis y carrocería; sensibles a golpes en tránsito; exportación a 14 países; cumplimiento IATF y trazabilidad OEM (GM, Ford, FCA)",200+,Terrestre + Marítimo,"Laredo TX, Veracruz","IATF 16949, ISO 14001",Metalsa Sustainability Program,Alta,Tier 1 global con clientes OEM que requieren trazabilidad total; estructuras sensibles a golpes,metalsa.com; INA directorio 2024,linkedin.com/company/metalsa,metalsa.com
Grupo Industrial Saltillo (GIS) — Draxton,GIS (BMV: GISSAA),Autopartes,Fundición hierro/aluminio / Tier 1,Coahuila,Saltillo,Director de Logística Internacional,"Fundición de alta temperatura; piezas sensibles a golpes post-fundición; exportación a EE.UU., Europa; trazabilidad requerida por GM, BMW, Stellantis",250+,Terrestre + Marítimo,"Laredo TX, Veracruz","IATF 16949, ISO 14001, EMAS",GIS Net Zero 2050,Alta,Cotiza en BMV; mandato de sostenibilidad activo; alto volumen exportación; piezas fundición sensibles a condiciones de tránsito,gis.com.mx; BMV GIS RA 2024,linkedin.com/company/gis-grupo-industrial-saltillo,gis.com.mx
Rassini S.A. de C.V.,Corporación Mabe / Grupo Desc (privado),Autopartes,Frenos y suspensión / Tier 1,Ciudad de México,Ciudad de México,Gerente de Logística de Exportación,"Componentes de frenos sensibles a humedad y temperatura; exportación masiva a EE.UU. (Ford, GM, Chrysler); riesgo contaminación en zona CDMX-Laredo",100+,Terrestre,"Laredo TX, El Paso TX","IATF 16949, ISO 14001",Reducción emisiones Scope 1+2,Alta,Componentes críticos de seguridad; OEMs exigen trazabilidad total; alta exposición ruta CDMX-frontera,rassini.com; INA directorio Tier 1 2024,linkedin.com/company/rassini,rassini.com
Vitro Automotriz S.A. de C.V.,Vitro S.A.B. (BMV: VITROA),Autopartes,Vidrio automotriz / Tier 1,Nuevo León,Monterrey,Director de Supply Chain Automotriz,Vidrio parabrisas extremadamente frágil; golpes y vibración críticos en tránsito; exportación a OEMs en EE.UU.; requiere temperatura controlada para adhesivos,150+,Terrestre,"Laredo TX, El Paso TX","IATF 16949, ISO 14001",Vitro Net Zero plan,Alta,Producto extremadamente frágil; sensor golpes = caso de uso perfecto; cotiza BMV con mandato sostenibilidad,vitro.com; BMV Vitro RA 2024,linkedin.com/company/vitro,vitro.com
KUO Automotriz S.A. de C.V.,KUO S.A.B. (BMV: KUOB),Autopartes,Transmisiones / drivetrain / Tier 1,Ciudad de México,Ciudad de México,VP Operaciones / Director Logística,Transmisiones de alto valor; golpes críticos en tránsito; exportación a EE.UU.; lubricantes internos sensibles a temperatura,100+,Terrestre,Laredo TX,"IATF 16949, ISO 14001",KUO Sustainability Report 2024,Alta,Cotiza BMV; piezas de alto valor unitario; trazabilidad OEM exigida,kuo.com.mx; BMV KUO RA 2024,linkedin.com/company/kuo,kuo.com.mx
Katcon S.A. de C.V.,Katcon Global (privado),Autopartes,Sistemas de escape / Tier 1,Nuevo León,García,Director de Logística Global,"Catalizadores y sistemas de escape; sensibles a golpes; exportación a Ford/GM; trazabilidad lote catalítico requerida (platino, paladio, rodio)",80+,Terrestre,Laredo TX,"IATF 16949, ISO 14001",Reducción huella carbono manufactura,Alta,Componentes con metales preciosos de alto valor; trazabilidad crítica; robo de carga es riesgo real,katcon.com; INA directorio Tier 1 2024,linkedin.com/company/katcon,katcon.com
Condumex / GRUPO CARSO Autopartes,Grupo Carso (BMV: GCARSOA1),Autopartes,Arneses eléctricos / Tier 1,Ciudad de México,Ciudad de México,Director de Operaciones / Supply Chain,Arneses de alto valor; humedad y temperatura críticos para conectores eléctricos; exportación EV (eléctricos) en crecimiento con mayor criticidad,150+,Terrestre,"Laredo TX, El Paso TX","IATF 16949, ISO 14001",Grupo Carso ESG 2024,Alta,Arneses EV de alto costo; humedad crítica; cotiza BMV con reporte ESG,carso.com.mx; BMV Carso RA 2024,linkedin.com/company/grupo-carso,carso.com.mx
Lear Corporation México S.A.,Lear Corporation (NYSE: LEA),Autopartes,Arneses + asientos / Tier 1,Chihuahua,Ciudad Juárez,Director de Logística México,"Arneses y asientos para Tesla, GM, Ford; zona Juárez de alto riesgo seguridad; temperatura crítica para materiales asientos; 22,000+ empleados en MX",300+,Terrestre,El Paso TX / Ciudad Juárez,"IATF 16949, ISO 14001, CDP A-",Lear Net Zero 2050 (CDP A-),Alta,Proveedor Tesla/GM; zona alto riesgo Juárez; CDP A- indica madurez en sostenibilidad; abiertos a tecnología de monitoreo,lear.com; Lear Annual Report 2024; CDP 2024,linkedin.com/company/lear-corporation,lear.com
Bosch México S.A. de C.V.,Robert Bosch GmbH (privado),Autopartes,Sistemas electrónicos / Tier 1,Estado de México,Toluca,Director de Supply Chain México,"Electrónica automotriz sensible a temperatura, humedad y estática; exportación a OEMs; múltiples plantas en MX (Juárez, Toluca, Aguascalientes)",200+,Terrestre + Aéreo (urgentes),"El Paso TX, Laredo TX","IATF 16949, ISO 14001, ISO 27001, CDP",Bosch Climate Neutral 2040,Alta,Electrónica ultra-sensible; proveedor global que ya usa tecnología IoT en manufactura; apertura a soluciones logísticas digitales,bosch.com.mx; Bosch Annual Report 2024,linkedin.com/company/bosch,bosch.com.mx
Continental México S.A. de C.V.,Continental AG (XTRA: CON),Autopartes,Neumáticos + electrónica / Tier 1,Querétaro,Querétaro,VP Supply Chain & Procurement México,Neumáticos sensibles a temperatura en almacén y tránsito; electrónica automotriz sensible; múltiples plantas MX; exigencia trazabilidad OEM,150+,Terrestre,Laredo TX,"IATF 16949, ISO 14001, ISCC+",Continental Net Zero 2050,Alta,Empresa global con programa digital de cadena de suministro activo; múltiples plantas en MX,continental.com/mexico; Continental Annual Report 2024,linkedin.com/company/continental,continental.com
Magna International México,Magna International (NYSE: MGA),Autopartes,Carrocerías / espejos / acceso / Tier 1,Coahuila,Ramos Arizpe,Director de Logística México,Múltiples familias de producto; exportación a GM/Ford/Stellantis; golpes en tránsito para partes estampadas; zona Coahuila con riesgo seguridad,200+,Terrestre,"Laredo TX, Eagle Pass TX","IATF 16949, ISO 14001, CDP B",Magna Net Zero 2050,Alta,Tier 1 global con mandato sostenibilidad; zona Coahuila fronteriza; diversidad de productos = múltiples casos de uso sensor,magna.com; Magna Sustainability Report 2024,linkedin.com/company/magna-international,magna.com
Denso Manufacturing México S.A.,DENSO Corporation (TYO: 6902),Autopartes,Sistemas térmicos / A/C / Tier 1,Aguascalientes,Aguascalientes,Supply Chain Manager México,"Componentes A/C y refrigeración sensibles a temperatura y humedad; exportación a Toyota, Honda, Mazda; trazabilidad lote exigida por OEMs japoneses",100+,Terrestre + Marítimo,"Laredo TX, Manzanillo","IATF 16949, ISO 14001, ISO 9001",DENSO Carbon Neutral 2035,Alta,OEMs japoneses exigen trazabilidad estricta; componentes críticos térmicos; apertura tecnológica alta (Denso es empresa tecnológica),denso.com/mx; DENSO Annual Report 2024,linkedin.com/company/denso,denso.com
Valeo México S.A. de C.V.,Valeo SA (EPA: FR),Autopartes,Climatización / limpiaparabrisas / Tier 1,San Luis Potosí,San Luis Potosí,Logistics Director México,Componentes de climatización sensibles a temperatura; exportación a OEMs europeos y americanos desde SLP; zona de crecimiento nearshoring,80+,Terrestre + Marítimo,"Laredo TX, Veracruz","IATF 16949, ISO 14001",Valeo Net Zero 2050,Alta,Empresa francesa con altos estándares ESG europeos; zona SLP nearshoring en crecimiento,valeo.com/mexico; Valeo Annual Report 2024,linkedin.com/company/valeo,valeo.com
ZF TRW Automotive México S.A.,ZF Friedrichshafen AG (privado),Autopartes,Airbags / cinturones / dirección / Tier 1,Guanajuato,Silao,Supply Chain Director México,Componentes de seguridad activa (airbags); temperatura crítica para componentes pirotécnicos; trazabilidad estricta exigida por NHTSA; riesgo reputacional enorme si falla,100+,Terrestre,Laredo TX,"IATF 16949, ISO 14001, ASIL-D (seguridad funcional)",ZF Net Zero 2040,Alta,Componentes de seguridad = trazabilidad no opcional; temperatura de airbags crítica; riesgo reputacional máximo,zf.com/mexico; ZF Annual Report 2024,linkedin.com/company/zf,zf.com
Flex-N-Gate México S.A. de C.V.,"Flex-N-Gate LLC (privado, Shad Khan)",Autopartes,Parachoques / puertas estampadas / Tier 1,Guanajuato,San José Iturbide,Operations Director México,Partes plásticas y estampadas sensibles a golpes; exportación directa a plantas Ford/GM EE.UU.; just-in-time con ventanas de entrega estrecha; trazabilidad de lote,80+,Terrestre,Laredo TX,"IATF 16949, ISO 14001",Flex-N-Gate ESG Report,Alta,JIT con ventanas estrechas = monitoreo en tiempo real crítico; zona Bajío en crecimiento nearshoring,flex-n-gate.com; INA directorio Tier 1,linkedin.com/company/flex-n-gate,flex-n-gate.com
Aptiv (Delphi) México S.A. de C.V.,Aptiv PLC (NYSE: APTV),Autopartes,Arneses + electrónica / Tier 1,Chihuahua,Ciudad Juárez,VP Supply Chain Mexico,"Arneses eléctricos para EV; zona Juárez de alto riesgo; temperatura y humedad crítica para conectores de alta tensión; 17,000+ empleados en Juárez",250+,Terrestre,El Paso TX / Ciudad Juárez,"IATF 16949, ISO 14001, CDP A",Aptiv Net Zero 2040 (CDP A),Alta,CDP A = líder en sostenibilidad; arneses EV de alto valor; zona fronteriza de máximo riesgo,aptiv.com; Aptiv Annual Report 2024; CDP 2024,linkedin.com/company/aptiv,aptiv.com
Mando México S.A. de C.V.,"Mando Corporation (KRX: 204320, Corea)",Autopartes,Frenos / dirección / Tier 1,Nuevo León,Apodaca,Supply Chain Manager México,Componentes frenos y dirección de seguridad crítica; exportación a Hyundai/Kia en EE.UU.; estándares coreanos de trazabilidad estrictos,60+,Terrestre,Laredo TX,"IATF 16949, ISO 14001",Mando Sustainability 2030,Alta,OEM coreano con estándares estrictos; componentes seguridad crítica; apertura tecnológica alta,mando.com/mexico; INA directorio 2024,linkedin.com/company/mando-corporation,mando.com
DHL Supply Chain México — División Automotriz,DHL / Deutsche Post,Autopartes,Operador logístico 3PL automotriz,Nuevo León,Monterrey,Director de Operaciones Automotriz,Gestión multi-cliente autopartes; visibilidad temperatura y golpes en tiempo real para Tier 1 clientes; JIT delivery a plantas OEM en EE.UU.,500+,Terrestre,"Laredo TX, El Paso TX","IATF 16949, ISO 9001, BASC, C-TPAT",DHL GoGreen 2030,Alta,3PL automotriz con mandato sostenibilidad; un contrato = acceso a múltiples Tier 1,dhl.com/mx/automotriz; DHL GoGreen 2024,linkedin.com/company/dhl,dhl.com
Ryder México S.A. de C.V.,Ryder System Inc. (NYSE: R),Autopartes,Gestión de flota + 3PL automotriz,Nuevo León,Monterrey,Country Manager / Director Operaciones,Gestión flota cruce fronterizo; monitoreo de carga autopartes en tránsito; cumplimiento C-TPAT para toda la flota,300+,Terrestre,"Laredo TX, El Paso TX","C-TPAT, BASC, ISO 9001",Ryder Net Zero Fleet 2035,Alta,Gestión de flota cross-border de alto volumen; tecnología de monitoreo = core business; apertura total a innovación,ryder.com/mexico; Ryder Annual Report 2024,linkedin.com/company/ryder-system,ryder.com
GEODIS México — División Automotriz,GEODIS / SNCF,Autopartes,Operador logístico 3PL automotriz,Nuevo León,Monterrey,Director Comercial Automotriz,Trazabilidad multi-cliente en cadena automotriz; cumplimiento normativo europeo para exportaciones a Europa vía EE.UU.; monitoreo en tiempo real,200+,Terrestre + Marítimo,"Laredo TX, Veracruz","ISO 9001, ISO 14001, BASC, C-TPAT",GEODIS Net Zero 2050,Alta,3PL con foco europeo = estándares ESG altos; multi-cliente = escala,geodis.com/mexico; GEODIS Annual Report 2024,linkedin.com/company/geodis,geodis.com
Nemak — Planta San Luis Potosí,Alfa / Nemak (BMV: NEMAKA),Autopartes,Fundición aluminio EV / Tier 1,San Luis Potosí,San Luis Potosí,Plant Manager / Logistics Coordinator,"Componentes aluminio para EV (Tesla, BMW); trazabilidad lote EV exigida; zona SLP nearshoring en expansión acelerada",80+,Terrestre,Laredo TX,"IATF 16949, ISO 14001",Nemak Net Zero 2050,Alta,EV components = trazabilidad crítica; zona SLP nearshoring en boom; Nemak en expansión activa,nemak.com; BMV Nemak RA 2024; invertia.com nearshoring SLP 2024,linkedin.com/company/nemak,nemak.com
Toyota Boshoku México,Toyota Boshoku Corp (TYO: 3116),Autopartes,Interiores / filtros / Tier 1,Guanajuato,Silao,Supply Chain Manager,Componentes interiores para Toyota; estándares TPS (Toyota Production System) ultra-estrictos; trazabilidad lote exigida; JIT con ventana ±2h,60+,Terrestre,Laredo TX,"IATF 16949, ISO 14001, Toyota QCDS",Toyota Carbon Neutral 2050,Alta,Estándares Toyota = máxima exigencia trazabilidad; JIT estricto = monitoreo en tiempo real crítico,toyota-boshoku.com/mexico; INA directorio 2024,linkedin.com/company/toyota-boshoku,toyota-boshoku.com
Panasonic Automotive México,Panasonic Holdings (TYO: 6752),Autopartes,Sistemas infotainment / EV batteries / Tier 1,Nuevo León,Monterrey,Supply Chain Director,Baterías EV y sistemas electrónicos ultra-sensibles; temperatura crítica para celdas de batería; trazabilidad célula-a-célula para Tesla; humedad cero,80+,Terrestre + Aéreo (urgentes),"Laredo TX, El Paso TX","IATF 16949, ISO 14001, ISO 45001",Panasonic Green Impact 2050,Alta,Baterías EV = caso de uso perfecto para sensor temperatura + humedad; temperatura crítica para seguridad; Tesla exige trazabilidad total,panasonic.com/mexico; Panasonic Annual Report 2024,linkedin.com/company/panasonic,panasonic.com
Grupo Antolin México,"Grupo Antolin (privado, España)",Autopartes,Interiores / techos / paneles / Tier 1,Puebla,Puebla,Supply Chain Director,"Materiales textiles sensibles a humedad; componentes de acabado sensibles a temperatura; exportación a VW, Audi desde Puebla",80+,Terrestre + Marítimo,"Laredo TX, Veracruz","IATF 16949, ISO 14001",Antolin Net Zero 2050,Media-Alta,Componentes interiores premium sensibles a condiciones de tránsito; empresa española con estándares EU,grupoantolin.com; INA directorio 2024,linkedin.com/company/grupo-antolin,grupoantolin.com
Calsonic Kansei México (Marelli),Marelli Holdings (privado),Autopartes,Sistemas A/C + paneles / Tier 1,Aguascalientes,Aguascalientes,Supply Chain Director,Componentes A/C sensibles a temperatura; exportación a Nissan/Renault; trazabilidad lote exigida,60+,Terrestre,Laredo TX,"IATF 16949, ISO 14001",Marelli Carbon Neutral 2050,Media-Alta,Zona Aguascalientes en crecimiento; proveedor Nissan/Renault con estándares japoneses/franceses,marelli.com/mexico; INA directorio 2024,linkedin.com/company/marelli,marelli.com
Tier 1 México — Samvardhana Motherson Group,Samvardhana Motherson International (India),Autopartes,Arneses + plásticos / Tier 1,Guanajuato,Silao,Director de Operaciones México,"Arneses y partes plásticas; zona Bajío; trazabilidad OEM (GM, BMW); estándares ESG europeos/indios",60+,Terrestre,Laredo TX,"IATF 16949, ISO 14001",Motherson Net Zero 2040,Media-Alta,Grupo global con expansión rápida en México; estándares ESG activos; zona Bajío nearshoring,motherson.com; INA directorio 2024,linkedin.com/company/samvardhana-motherson-group,motherson.com
IEM — Industria de Electro Mecánica (Querétaro),Independiente,Autopartes,Componentes electromecánicos / Tier 2,Querétaro,Querétaro,Gerente de Exportaciones,Componentes electromecánicos sensibles a humedad; exportación directa a Tier 1 en EE.UU.; trazabilidad exigida por clientes IATF,30-50,Terrestre,Laredo TX,IATF 16949,En proceso,Media,Tier 2 en crecimiento; zona Querétaro nearshoring; requerimientos trazabilidad de clientes Tier 1,INA directorio Tier 2 Querétaro 2024; CANACINTRA,N/A,N/A
Grupo Delphos Autopartes (Tier 2 MX),Independiente mexicano,Autopartes,Maquinados CNC / Tier 2,Guanajuato,León,Director de Operaciones y Exportaciones,Piezas maquinadas de precisión sensibles a golpes; exportación directa a Tier 1 EE.UU.; trazabilidad exigida por clientes IATF,20-40,Terrestre,Laredo TX,IATF 16949,En proceso,Media,Tier 2 MX en crecimiento; piezas precisión de alto valor; zona Bajío nearshoring,CANACINTRA Guanajuato 2024; INA,N/A,N/A
Grupo Modelo S.A. de C.V.,AB InBev,Cerveza,Productor / Exportador,Estado de México,Tultitlán,VP Logística y Supply Chain,Contaminación de contenedores con narcotráfico; Grupo Modelo exporta +$6B USD anuales hacia EE.UU. y ha enfrentado incidentes de contaminación en puertos mexicanos,500+,Marítimo + Terrestre,"Veracruz, Manzanillo, Lázaro Cárdenas, Laredo TX","ISO 9001, ISO 14001",Net Zero 2040 (AB InBev),Alta,Mayor exportador de cerveza MX→USA; alta exposición a riesgo de contaminación en contenedores; programa activo de sostenibilidad cadena de suministro,grupomodelo.com/quienes-somos; Reporte anual AB InBev 2024; BMV,linkedin.com/company/grupo-modelo,grupomodelo.com
Heineken México S.A. de C.V.,Heineken International,Cerveza,Productor / Exportador,Nuevo León,Monterrey,Director de Logística y Supply Chain / Sustainability & Circular Economy Lead,Reducción de CO₂ en logística (objetivo 2030); monitoreo temperatura y calidad en tránsito; 82% de energía en logística ya es renovable pero sin trazabilidad en tiempo real,300+,Marítimo + Terrestre,"Veracruz, Chihuahua (Juárez), Sonora","ISO 14001, UN Global Compact, FSC",Carbon neutral operaciones 2030; cadena de valor 2040,Alta,"Lanzó Green Challenge 2024 buscando startups de monitoreo ambiental en logística; contacto clave: Elena Montes de Oca, Sustainability Lead",mexicobusiness.news/heineken-green-challenge-2024; theheinekencompany.com annual report 2024,linkedin.com/company/heineken,theheinekencompany.com
Constellation Brands México (Nava + Obregón),Constellation Brands Inc. (NYSE: STZ),Cerveza,Productor / Exportador exclusivo EE.UU.,Coahuila / Sonora,Nava / Ciudad Obregón,VP Supply Chain Mexico Operations,100% de su producción va a EE.UU.; alta exposición a riesgo aduanal y de contaminación; inversión de $1.3B USD en Veracruz señala expansión masiva,400+,"Terrestre (Laredo, El Paso, Nogales)","Laredo TX, El Paso TX, Nogales AZ",ISO 9001,Reducción huella carbono 2030 (SEC filing),Alta,Único exportador cuya producción es 100% para EE.UU.; volumen creciente; requiere trazabilidad total origen-destino,constellationbrands.com; 10-K SEC 2024; brauwelt.com/constellation-veracruz,linkedin.com/company/constellation-brands,constellationbrands.com
FEMSA / Cuauhtémoc Moctezuma,FEMSA (BMV: FEMSAUBD),Cerveza,Productor / Exportador,Nuevo León,Monterrey,Director de Logística y Distribución,"Seguridad en cadena de distribución; exportaciones de Tecate, Dos Equis y Sol a EE.UU.; cumplimiento normativo FDA",250+,Terrestre + Marítimo,"Laredo TX, Brownsville TX","ISO 9001, ISO 14001",FEMSA Sostenibilidad 2030,Alta,Tercer jugador cervecero México-EE.UU.; fuerte presencia en Texas; marcas premium con riesgo reputacional alto,femsa.com/reporte-sostenibilidad-2024; BMV,linkedin.com/company/femsa,femsa.com
Grupo Modelo — Planta Piedras Negras (Corona Export),AB InBev,Cerveza,Planta exportadora fronteriza,Coahuila,Piedras Negras,Gerente de Logística de Exportación,Planta fronteriza con ruta directa a Eagle Pass TX; alto riesgo de contaminación en zona de cruce; volumen masivo de camiones diarios,200+,Terrestre (frontera directa),Eagle Pass TX / Piedras Negras,"ISO 9001, C-TPAT",AB InBev Net Zero 2040,Alta,Planta fronteriza de alta exposición; C-TPAT activo pero sin monitoreo sensor en tiempo real dentro del camión,grupomodelo.com; reportaje El Economista plantas exportadoras 2024,linkedin.com/company/grupo-modelo,grupomodelo.com
Heineken México — Planta Orizaba,Heineken International,Cerveza,Planta productora / distribución,Veracruz,Orizaba,Gerente de Logística Regional,Puerto de Veracruz señalado como foco de contaminación de carga (documentos presentación CLCircular); monitoreo en tránsito marítimo,150+,Marítimo (Puerto Veracruz),Puerto de Veracruz → Houston TX,"ISO 14001, OHSAS 18001",Heineken Net Zero 2030,Alta,Ruta marítima por Veracruz; puerto señalado como zona de riesgo de contaminación por autoridades EE.UU. y UE,theheinekencompany.com; Reporte Sostenibilidad Heineken México 2024,linkedin.com/company/heineken,theheinekencompany.com
"Heineken México — Planta Meoqui (Nueva, latas)",Heineken International,Cerveza,Planta nueva / exportación,Chihuahua,Meoqui,Director de Planta / Gerente Supply Chain,Planta nueva (2022) sin sistema de monitoreo establecido; frontera con EE.UU. a <200 km; alta exposición cruce El Paso/Juárez,80+,Terrestre,Ciudad Juárez / El Paso TX,ISO 9001 (en implementación),Heineken Net Zero; planta diseñada 100% energía renovable,Alta,Planta nueva buscando tecnología desde cero; frontera directa; inversión Heineken en sostenibilidad activa,stratego-st.com/heineken-chihuahua-2022; Heineken press release julio 2022,linkedin.com/company/heineken,theheinekencompany.com
Grupo Modelo — División Exportaciones (Manzanillo),AB InBev,Cerveza,Hub logístico marítimo,Colima,Manzanillo,Coordinador de Exportaciones Marítimas,Puerto de Manzanillo en ruta Asia-Pacífico; riesgo de contaminación en contenedores de exportación Premium; trazabilidad origen-destino,120+,Marítimo,Manzanillo → Puertos Pacífico EE.UU.,"C-TPAT, OEA",AB InBev Net Zero 2040,Alta,Hub marítimo del Pacífico; alta exposición riesgo contaminación; sin monitoreo en tiempo real del interior del contenedor,grupomodelo.com logística; Reporte AB InBev 2024,linkedin.com/company/grupo-modelo,grupomodelo.com
Cuauhtémoc Moctezuma — Planta Guadalajara,FEMSA / Heineken,Cerveza,Planta productora,Jalisco,Guadalajara,Gerente de Logística de Planta,Distribución a Baja California y cruce a California; rutas largas con riesgo de temperatura y seguridad,100+,Terrestre,"Nogales AZ, Tijuana/San Diego CA","ISO 9001, ISO 14001, C-TPAT",FEMSA Sostenibilidad 2030,Alta,Ruta Guadalajara-frontera noroeste de alta exposición; planta de escala masiva,femsa.com; Reporte FEMSA 2024,linkedin.com/company/heineken,femsa.com
DHL Supply Chain México (operador logístico cerveza),DHL / Deutsche Post,Cerveza,Operador logístico 3PL cerveza,Estado de México,Tlalnepantla,Director de Operaciones Industria Bebidas,Gestión multi-cliente de carga cerveza exportación; visibilidad unificada de temperatura y seguridad para todos sus clientes cerveceros,500+,Terrestre + Marítimo,Múltiples,"ISO 9001, ISO 14001, BASC, C-TPAT",DHL GoGreen 2030 (net zero logística),Alta,3PL que opera para Grupo Modelo y Heineken; un solo contrato accede a volumen de múltiples clientes; ya tiene mandato de sostenibilidad,dhl.com/mexico; DHL GoGreen Report 2024,linkedin.com/company/dhl,dhl.com/mx
Grupo Modelo — Planta Monterrey,AB InBev,Cerveza,Planta productora noreste,Nuevo León,Monterrey,Gerente de Logística Noreste,Hub exportación noreste; cruce Laredo; alta concentración de tráfico y riesgo de contaminación,300+,Terrestre,Laredo TX (principal),"ISO 9001, C-TPAT, OEA",AB InBev Net Zero 2040,Alta,Mayor volumen por Laredo; zona de mayor riesgo de contaminación narco documentada,grupomodelo.com; Reporte AB InBev México 2024,linkedin.com/company/grupo-modelo,grupomodelo.com
Kuehne+Nagel México (3PL cerveza exportación),Kuehne+Nagel International AG,Cerveza,Operador logístico 3PL,Nuevo León,Monterrey,Country Director / Business Development,Visibilidad de carga en tiempo real para clientes cerveceros; cumplimiento normativo CTPAT para todos sus clientes,300+,Terrestre + Marítimo,"Laredo TX, Veracruz","BASC, C-TPAT, ISO 9001",KN Net Zero Carbon 2030,Alta,3PL global con mandato de sostenibilidad; un contrato = acceso a múltiples exportadores cerveceros,kuehne-nagel.com/mexico; KN Annual Report 2024,linkedin.com/company/kuehne-nagel,kuehne-nagel.com
Grupo FEMSA Logística (FL),FEMSA (BMV: FEMSAUBD),Cerveza,Operador logístico propio FEMSA,Nuevo León,Monterrey,Director de Operaciones Logísticas,Operaciones de distribución interna y exportación FEMSA; monitoreo de temperatura para Tecate y Dos Equis en tránsito EE.UU.,200+,Terrestre,"Laredo TX, McAllen TX","ISO 9001, BASC, C-TPAT",FEMSA Sostenibilidad 2030,Alta,Brazo logístico propio de FEMSA; decisión de tecnología centralizada; alto volumen,femsa.com/logistica; Reporte FEMSA 2024,linkedin.com/company/femsa,femsa.com
XPO Logistics México (3PL cerveza frontera),XPO Inc. (NYSE: XPO),Cerveza,Operador logístico 3PL frontera,Nuevo León,Nuevo Laredo,Operations Manager Cross-Border,Cruce fronterizo Laredo; monitoreo de carga en espera de inspección aduanal; robo en zona frontera,400+,Terrestre,Nuevo Laredo / Laredo TX,"C-TPAT, FAST, ISO 9001",XPO Net Zero 2035,Alta,Operador fronterizo de alto volumen; monitoreo en tiempo real en zona de inspección = alto valor,xpo.com/mexico; XPO Annual Report 2024,linkedin.com/company/xpo-logistics,xpo.com
CEVA Logistics México (3PL bebidas),CMA CGM Group,Cerveza,Operador logístico 3PL bebidas,Estado de México,Tlalnepantla,Director Comercial Sector Bebidas,Trazabilidad multi-cliente bebidas exportación; cumplimiento C-TPAT para clientes cerveceros,200+,Terrestre + Marítimo,Múltiples,"BASC, C-TPAT, ISO 9001, ISO 14001",CMA CGM Net Zero 2050,Alta,3PL global con foco en bebidas; un contrato = múltiples clientes exportadores,cevalogistics.com/mexico; CMA CGM Annual 2024,linkedin.com/company/ceva-logistics,cevalogistics.com
Heineken México — Planta Tecate BC,Heineken International,Cerveza,Planta histórica marca Tecate,Baja California,Tecate,Gerente de Producción y Logística,Planta fronteriza; cruce a California a <5 km; alta exposición contaminación; ruta corta pero muy vigilada,100+,Terrestre,Tecate BC / Tecate CA,"ISO 9001, ISO 14001, C-TPAT",Heineken Net Zero 2030,Alta,Planta fronteriza literalmente; mayor riesgo de contaminación; ruta directa USA,theheinekencompany.com; Heineken México Reporte 2024,linkedin.com/company/heineken,theheinekencompany.com
Constellation Brands — Planta Veracruz (en construcción),Constellation Brands Inc.,Cerveza,Planta nueva marítima,Veracruz,Veracruz,VP Project & Operations Mexico,Puerto Veracruz señalado por EE.UU. y UE como zona de riesgo contaminación; nueva planta diseño desde cero; oportunidad de incorporar monitoreo desde inicio,N/A (en construcción),Marítimo,Puerto Veracruz → Houston TX,En diseño,Constellation Net Zero plan 2030,Alta,Planta greenfield; decisión de tecnología de monitoreo no tomada aún; ventana de entrada óptima; $1.3B USD inversión,constellationbrands.com/press/veracruz-2024; brauwelt.com 2024,linkedin.com/company/constellation-brands,constellationbrands.com
Grupo Modelo — Planta Obregón (Pacífico),AB InBev,Cerveza,Planta productora Pacífico,Sonora,Ciudad Obregón,Gerente de Supply Chain Regional,Exportación de Pacifico a EE.UU. (mercado de California); ruta marítima Manzanillo y terrestre Nogales,80+,Terrestre + Marítimo,Nogales AZ,"ISO 9001, C-TPAT",AB InBev Net Zero 2040,Media-Alta,Planta estratégica Pacifico; cercanía frontera Sonora-Arizona,grupomodelo.com; AB InBev Mexico footprint 2024,linkedin.com/company/grupo-modelo,grupomodelo.com
Grupo Modelo — Planta Zacatecas,AB InBev,Cerveza,Planta productora interior,Zacatecas,Calera,Gerente de Logística de Planta,Ruta larga hacia puertos y fronteras; coordinación multi-modal; seguridad en tránsito,100+,Terrestre,Laredo TX (vía Monterrey),"ISO 9001, C-TPAT",AB InBev Net Zero 2040,Media-Alta,Planta interior con rutas largas de alta exposición,grupomodelo.com; AB InBev Mexico operations,linkedin.com/company/grupo-modelo,grupomodelo.com
Heineken México — Planta Toluca,Heineken International,Cerveza,Planta histórica / distribución,Estado de México,Toluca,Gerente de Logística Centro,Distribución nacional y exportación; coordinación con otras plantas del grupo; reportes sostenibilidad en cadena,150+,Terrestre,Laredo TX (vía Monterrey),"ISO 14001, ISO 9001",Heineken Net Zero 2030,Media-Alta,Planta histórica; distribución hub CDMX; integración con programa sostenibilidad Heineken,theheinekencompany.com; Heineken Sustainability Report 2024,linkedin.com/company/heineken,theheinekencompany.com
Grupo Modelo — Planta Guadalajara,AB InBev,Cerveza,Planta productora occidente,Jalisco,Guadalajara,Gerente de Exportaciones Occidente,Exportación Corona/Pacifico desde occidente; coordinación marítima Manzanillo y terrestre Nogales,120+,Terrestre + Marítimo,"Nogales AZ, Manzanillo","ISO 9001, C-TPAT",AB InBev Net Zero 2040,Media-Alta,Planta occidente con multi-rutas; coordinación logística compleja,grupomodelo.com; AB InBev México 2024,linkedin.com/company/grupo-modelo,grupomodelo.com
Cervecería Minerva S.A. de C.V.,Independiente,Cerveza,Cervecería artesanal exportadora,Jalisco,Guadalajara,Gerente de Operaciones y Exportaciones,Temperatura en tránsito; calidad del producto en aduanas; control de apertura de contenedores,20-50,Terrestre + Aéreo (muestras),"Nogales AZ, Laredo TX","Distintivo H, certificaciones locales",Packaging reciclable 2025,Media,"Exporta a EE.UU., Japón y Europa; alta preocupación por integridad del producto premium en tránsito",cervezaminerva.com; reportajes UNCIBER 2024,linkedin.com/company/cerveceria-minerva,cervezaminerva.com
"Cervecería de Colima (Colima, Wayak, Gringa)",Independiente,Cerveza,Cervecería artesanal exportadora,Colima,Colima,Director Comercial / Export Manager,Control de temperatura en tránsito marítimo; integridad del producto en aduanas de California y Texas,15-30,Marítimo (LA/LB) + Terrestre,Manzanillo → Los Ángeles CA,"BRC, ISO 22000",Economía circular en packaging 2026,Media,Premio al exportador artesanal; exporta a 15 países; alta sensibilidad a temperatura en cerveza artesanal sin pasteurizar,cervezacolima.com; Expo Cerveza MX 2024,linkedin.com/company/cerveceria-de-colima,cervezacolima.com
Mexbeer / Distribuidores Corona Independientes,Red distribuidores AB InBev,Cerveza,Operador logístico cervecero,Nuevo León,Monterrey,Gerente de Operaciones de Distribución,Control de temperatura en distribución secundaria; robo de carga en rutas noreste,100+,Terrestre,"Laredo TX, Reynosa TX",C-TPAT (en proceso),No reportado,Media,Red de distribución secundaria; alta exposición a robo; comprador independiente de tecnología de seguridad,ANIERM directorio distribuidores 2024,N/A,N/A
Cervezas Insurgente,Independiente,Cerveza,Cervecería artesanal exportadora,Baja California,Tijuana,Export Manager,"Distribución en CA, TX, NV; calidad en tránsito; temperatura",15-30,Terrestre,Tijuana / San Diego CA,"TTB COLA, FDA",Sostenibilidad packaging 2025,Media,Artesanal de mayor distribución en EE.UU. desde BC; crecimiento acelerado; requiere control calidad en tránsito,cervezainsurgente.com; reportaje Forbes MX artesanales 2024,linkedin.com/company/insurgente,cervezainsurgente.com
Tres Generaciones Export (Destilados Olmeca),Pernod Ricard México,Cerveza,Bebidas alcohólicas premium / exportación,Jalisco,Guadalajara,Export Logistics Manager,Bebidas premium sensibles a temperatura y golpes; cumplimiento normativo TTB; robo de carga de alto valor,50+,Terrestre + Aéreo,"Laredo TX, El Paso TX","ISO 9001, C-TPAT",Pernod Ricard Good Times from a Good Place 2030,Media,Producto premium de alto valor; alta sensibilidad a robo y contaminación; sector adyacente a cerveza,pernod-ricard.com/mexico; reportaje bebidas premium exportación 2024,linkedin.com/company/pernod-ricard,pernod-ricard.com
Sigma Alimentos (bebidas exportación),Alfa S.A.B. (BMV: ALFAA),Cerveza,Conglomerado alimentos/bebidas exportador,Nuevo León,Monterrey,VP Supply Chain Internacional,Carga seca exportación multiproducto; temperatura en tránsito para alimentos; cumplimiento FDA Food Safety Modernization Act,200+,Terrestre + Marítimo,"Laredo TX, Brownsville TX","ISO 9001, ISO 22000, BRC, FSMA",Alfa Net Zero 2040,Media,Conglomerado que incluye bebidas; presión regulatoria FSMA alta; alto volumen,sigma-alimentos.com; BMV Alfa Reporte Anual 2024,linkedin.com/company/sigma-alimentos,sigma-alimentos.com
Cervecería Cosaco S.A. de C.V.,Independiente,Cerveza,Cervecería artesanal BC,Baja California,Tijuana,Socio fundador / Operaciones,Cruce fronterizo San Diego/Tijuana; control de temperatura en artesanal no pasteurizada; cumplimiento TTB/FDA,10-20,Terrestre,Tijuana / San Diego CA,"Permiso COFEPRIS, FDA registration",Packaging retornable,Media-Baja,Volumen bajo pero creciente; cruce fronterizo de alto riesgo; sector artesanal con alta conciencia de calidad,cervezacosaco.com; Camara de Comercio Tijuana 2024,linkedin.com/company/cosaco-brewing,cervezacosaco.com
Wendlandt Cervecería,Independiente,Cerveza,Cervecería artesanal exportadora BC,Baja California,Ensenada,Director de Exportaciones,Exportación a California; temperatura crítica en IPA y cervezas vivas; apertura no autorizada de cajas,10-20,Terrestre,"Tijuana / San Diego CA, Mexicali / Calexico CA",TTB Certificate of Label Approval (COLA),Eco-packaging en proceso,Media-Baja,Referente artesanal bajacaliforniano; exporta a EE.UU. regularmente; alta conciencia de calidad y sostenibilidad,wendlandt.mx; Baja Craft Brewers Association 2024,linkedin.com/company/wendlandt,wendlandt.mx
Cervecería Tempus,Independiente,Cerveza,Cervecería artesanal,Estado de México,Toluca,Director Comercial,Exportación a comunidad mexicana en EE.UU.; control calidad artesanal en tránsito; riesgo temperatura,10-20,Terrestre,Laredo TX,"COFEPRIS, FDA",Packaging retornable en prueba,Media-Baja,Artesanal en crecimiento; ruta CDMX-Laredo de alta exposición,cervezatempus.mx; UNCIBER directorio 2024,linkedin.com/company/tempus-cerveceria,cervezatempus.mx
Baja Brewing Company,Independiente,Cerveza,Cervecería artesanal turística/exportadora,Baja California Sur,Los Cabos,Gerente de Operaciones,Distribución a mercado americano en California; temperatura en tránsito; logística insular,5-10,Aéreo + Terrestre,Tijuana / San Diego CA,FDA registration,Eco-cervecería,Baja,Volumen bajo; interés exploratorio para cuando escalen exportaciones,bajabrewing.com; Directorio UNCIBER 2024,linkedin.com/company/baja-brewing,bajabrewing.com
Cerveza Loba Brewing Co.,Independiente,Cerveza,Cervecería artesanal CDMX,Ciudad de México,Ciudad de México,Fundador / Director de Operaciones,"Exportación a EE.UU. (Texas, California); temperatura IPA no pasteurizada; cumplimiento FDA",5-15,Terrestre,Laredo TX,"FDA registration, COFEPRIS",Eco-packaging en proceso,Baja,Artesanal en crecimiento; mercado americano como objetivo; volumen bajo actualmente,lobabrewing.com; UNCIBER directorio,linkedin.com/company/loba-brewing,lobabrewing.com
Cervecería Ramuri (Sonora),Independiente,Cerveza,Cervecería artesanal fronteriza,Sonora,Hermosillo,Socio fundador / Operaciones,Exportación a Arizona; temperatura desierto en tránsito; ruta Hermosillo-Nogales de alto riesgo térmico,5-10,Terrestre,Nogales AZ,"TTB, FDA",Local sourcing,Baja,Ruta de alto estrés térmico; volumen en crecimiento,ramuribeer.com; Asociación Cerveceros Sonora 2024,N/A,ramuribeer.com
Cervecería Calavera,Independiente,Cerveza,Cervecería artesanal CDMX,Ciudad de México,Ciudad de México,Director de Exportaciones,Exportación artesanal a EE.UU.; temperatura crítica; autenticidad en tránsito,5-10,Terrestre + Aéreo,Laredo TX,"FDA, COFEPRIS",Eco-packaging,Baja,Volumen bajo; interés a mediano plazo,cervezacalavera.com; UNCIBER 2024,linkedin.com/company/calavera-craft-brewery,cervezacalavera.com
Cerveza 2 Banderas (exportadora artesanal Sonora),Independiente,Cerveza,Cervecería artesanal fronteriza,Sonora,Agua Prieta,Gerente de Operaciones,Cruce fronterizo Arizona; temperatura extrema desierto Sonora; autenticidad artesanal en tránsito,5-10,Terrestre,Agua Prieta / Douglas AZ,"TTB, FDA",Local sourcing,Baja,Exploratoria; interés en escalamiento,Asociación Cerveceros Sonora 2024,N/A,N/A
GRUMA S.A.B. de C.V. (GIMSA) — Corporativo,GRUMA S.A.B. (BMV: GRUMAB),Harinas,Harina de maíz / Productor exportador líder,Nuevo León,San Pedro Garza García,VP Supply Chain / Director de Logística Internacional,74% de ventas fuera de México; 92 plantas en 113 países; trazabilidad de carga en tránsito hacia EE.UU. para cumplir FSMA; temperatura sacos harina en contenedores marítimos,500+,Terrestre + Marítimo,"Laredo TX, Veracruz, Manzanillo","ISO 9001, ISO 22000, FSSC 22000, FSMA",GRUMA Sustainability 2030: reducción 30% huella carbono,Alta,Líder mundial harina maíz; cotiza BMV; 74% ventas internacionales; FSMA exige trazabilidad en cadena; programa sostenibilidad activo,gruma.com; BMV GRUMA RA 2024; GRUMA Sustainability Report 2024,linkedin.com/company/gruma,gruma.com
GRUMA Mission Foods — Planta Monterrey,GRUMA S.A.B. (BMV: GRUMAB),Harinas,Tortillas y harina exportación EE.UU.,Nuevo León,Monterrey,Plant Manager / Gerente de Logística,Producción de tortillas Mission para mercado americano; temperatura en tránsito crítica para producto perecedero; cruce Laredo de alta frecuencia,200+,Terrestre (refrigerado + seco),Laredo TX,"ISO 22000, FSSC 22000, BRC, FSMA",GRUMA Sustainability 2030,Alta,Producto semi-perecedero; temperatura crítica en tránsito; volumen masivo Monterrey-Laredo,missionfoods.com; gruma.com; BMV GRUMA RA 2024,linkedin.com/company/gruma,missionfoods.com
Minsa S.A. de C.V. — Planta Tlalnepantla,Grupo Minsa (privado),Harinas,Harina de maíz / Segundo productor,Estado de México,Tlalnepantla,Gerente de Exportaciones / Director Supply Chain,Exportación Masarica y Minsa a EE.UU. (comunidad hispana); competencia GRUMA obliga diferenciación en calidad; trazabilidad FSMA; temperatura en almacén y tránsito,80+,Terrestre,Laredo TX,"ISO 9001, ISO 22000, FSMA",Reducción residuos 2025,Alta,Segundo jugador maíz MX→EE.UU.; presión competitiva obliga innovación; trazabilidad FSMA requerida,gruposminsa.com; CANAMI directorio 2024,linkedin.com/company/minsa,gruposminsa.com
CARGILL de México S.A. de C.V. — División Harinas,"Cargill Inc. (privado, USA)",Harinas,Harina trigo / Ingredientes / Productor,Nuevo León,Monterrey,Supply Chain Director México,Harina trigo grado exportación; humedad crítica en sacos; trazabilidad lote grano-a-producto FSMA; operaciones multi-modal terrestres y marítimas,150+,Terrestre + Marítimo,"Laredo TX, Veracruz","ISO 9001, ISO 22000, FSSC 22000, HACCP, FSMA",Cargill Net Zero 2050,Alta,Empresa global con los más altos estándares; mandato sostenibilidad activo; harina sensible a humedad = sensor CLCircular relevante,cargill.com/mexico; Cargill Sustainability Report 2024,linkedin.com/company/cargill,cargill.com
Ingredion México S.A. de C.V.,Ingredion Inc. (NYSE: INGR),Harinas,Almidones y harinas ingredientes industriales,Jalisco,Guadalajara,VP Supply Chain LAC,Almidones e ingredientes industriales sensibles a humedad; exportación a industria alimentos EE.UU.; trazabilidad FSMA; clientes B2B que exigen certificaciones,100+,Terrestre + Marítimo,"Laredo TX, Manzanillo","ISO 9001, ISO 22000, FSSC 22000, BRC, FSMA",Ingredion Net Zero 2050 (cotiza NYSE),Alta,Cotiza NYSE; requerimientos trazabilidad FSMA máximos; ingredientes industriales B2B de alto valor,ingredion.com/mexico; Ingredion Annual Report 2024,linkedin.com/company/ingredion,ingredion.com
Molinera de México S.A. (Grupo Trimex),Grupo Trimex (privado),Harinas,"Harina de trigo / Marcas La Rosa, Pitic, Selecta",Nuevo León,Guadalupe,Director de Operaciones y Exportaciones,Exportación harina trigo a EE.UU. (comunidades hispanas Texas/California); humedad en sacos kraft; trazabilidad de lote FSMA; competencia con marcas americanas,60+,Terrestre,Laredo TX,"ISO 22000, HACCP, FSMA",Reducción packaging desechable,Alta,Líder harina trigo MX→TX; humedad crítica en sacos papel; FSMA trazabilidad; mercado hispano de alto crecimiento,trimex.com.mx; CANIMOLT directorio 2024,linkedin.com/company/grupo-trimex,trimex.com.mx
BIMBO S.A.B. de C.V. — División de Insumos,Grupo Bimbo (BMV: BIMBOA),Harinas,Consumidor / comprador de harina exportador productos,Ciudad de México,Ciudad de México,VP Global Logistics / Director Cadena de Suministro,Bimbo es el mayor comprador de harina trigo en México; también exporta productos panificados a EE.UU.; trazabilidad FSMA total; temperatura en tránsito para productos perecederos,500+,Terrestre + Aéreo,"Laredo TX, El Paso TX, Tijuana/San Diego CA","ISO 9001, ISO 22000, FSSC 22000, FSMA, BRC",Bimbo Net Zero 2050 (CDP A-),Alta,CDP A-; exporta productos terminados a EE.UU.; comprador masivo de harina; VP Global Logistics con visión tecnológica; Andres Lopez Frisbie VP global logística,grupobimbo.com; BMV Bimbo RA 2024; CDP 2024; #SoyLogístico Premio Nacional Logística 2023,linkedin.com/company/grupo-bimbo,grupobimbo.com
GRUMA GIMSA — Planta Lerma,GRUMA S.A.B. (BMV: GRUMAB),Harinas,Harina maíz planta centro,Estado de México,Lerma,Gerente de Logística de Planta,Distribución nacional y exportación; temperatura en almacén de harina; trazabilidad lote hacia EE.UU.; coordinación con Toluca y CDMX,150+,Terrestre,Laredo TX (vía Monterrey),"ISO 22000, FSSC 22000",GRUMA Sustainability 2030,Alta,Planta estratégica GRUMA zona centro; alta rotación exportación,gruma.com; BMV GRUMA RA 2024,linkedin.com/company/gruma,gruma.com
Archer Daniels Midland (ADM) México,ADM (NYSE: ADM),Harinas,Ingredientes / harinas especiales / commodities,Veracruz,Veracruz,Country Manager México / Supply Chain Director,Operaciones portuarias Veracruz; granos y harinas en tránsito; humedad crítica en almacén portuario; cumplimiento FSMA; puerto señalado por EE.UU. como zona riesgo,100+,Marítimo + Terrestre,Puerto Veracruz → Houston TX,"ISO 9001, ISO 22000, FSMA, HACCP",ADM Net Zero 2050 (cotiza NYSE),Alta,Puerto Veracruz señalado como zona riesgo; empresa global cotiza NYSE con mandato ESG; granos sensibles a humedad; alto volumen marítimo,adm.com/mexico; ADM Annual Report 2024,linkedin.com/company/adm,adm.com
Maseca / GRUMA — Planta Guadalupe NL (exportación directa),GRUMA S.A.B. (BMV: GRUMAB),Harinas,Harina maíz exportación directa,Nuevo León,Guadalupe,Gerente de Exportaciones Noreste,Planta de exportación directa hacia Texas; alta frecuencia cruce Laredo; temperatura y humedad en sacos de papel; cumplimiento FDA/FSMA,200+,Terrestre,Laredo TX (diario),"ISO 22000, FSSC 22000, FSMA",GRUMA Sustainability 2030,Alta,Mayor frecuencia cruce diario Laredo; trazabilidad FSMA exigida; humedad critica sacos papel,gruma.com; maseca.com; BMV GRUMA 2024,linkedin.com/company/gruma,maseca.com
Louis Dreyfus Company México,"Louis Dreyfus Company (privado, Países Bajos)",Harinas,Trading de granos / harinas exportación,Ciudad de México,Ciudad de México,Country Head México / Supply Chain,Trading de maíz y trigo; trazabilidad origen-destino en exportaciones a EE.UU.; humedad en almacenamiento; cumplimiento FSMA,100+,Marítimo + Terrestre,"Veracruz, Manzanillo, Laredo TX","ISO 9001, HACCP, FSMA",LDC Net Zero 2050,Alta,Trader global con operaciones masivas en México; trazabilidad trazabilidad FSMA requerida; alto volumen marítimo,ldc.com/mexico; LDC Annual Review 2024,linkedin.com/company/louis-dreyfus-company,ldc.com
Bunge México S.A. de C.V.,Bunge Limited (NYSE: BG),Harinas,Aceites / harinas de oleaginosas / exportación,Jalisco,Guadalajara,Supply Chain Director México,Harinas de oleaginosas sensibles a temperatura y humedad; exportación a EE.UU.; FSMA trazabilidad; operaciones portuarias,80+,Terrestre + Marítimo,"Manzanillo, Laredo TX","ISO 9001, ISO 22000, FSMA, RSPO",Bunge Net Zero 2050 (cotiza NYSE),Alta,Cotiza NYSE; granos sensibles; FSMA máxima; mandato ESG activo,bungenorthamerica.com/mexico; Bunge Annual Report 2024,linkedin.com/company/bunge,bunge.com
GRUMA — Planta Mission Foods Ciudad Obregón,GRUMA S.A.B. (BMV: GRUMAB),Harinas,Tortillas Mission exportación directa,Sonora,Ciudad Obregón,Gerente de Logística Exportación,Tortillas perecederas para mercado de Arizona y California; temperatura crítica; ruta Obregón-Nogales con estrés térmico en verano,80+,Terrestre refrigerado + seco,Nogales AZ,"ISO 22000, FSSC 22000, FSMA, BRC",GRUMA Sustainability 2030,Alta,Producto perecedero; temperatura crítica ruta desierto Sonora; alto volumen; cruce directo Nogales,missionfoods.com; gruma.com,linkedin.com/company/gruma,missionfoods.com
Walmart México y Centroamérica — División Importaciones Alimentos,Walmart Inc. (NYSE: WMT),Harinas,Retailer / comprador de harina importada,Ciudad de México,Ciudad de México,VP Supply Chain / Director de Importaciones,Importación de harinas y alimentos desde MX hacia EE.UU. para cadena Walmart; trazabilidad FSMA total; temperatura en tránsito para productos alimenticios,300+,Terrestre,"Laredo TX, El Paso TX","FSMA, GFSI, ISO 22000",Walmart Project Gigaton Net Zero 2040,Alta,Ya es cliente CLCircular (Walmart México en presentación corporativa); mandato sostenibilidad Project Gigaton; alto volumen,walmartmexico.com.mx; Walmart Mexico Annual Report 2024; CLCircular deck comercial (cliente existente),linkedin.com/company/walmart,walmartmexico.com.mx
SIGMA Alimentos — División Harinas y Panificación,ALFA S.A.B. (BMV: ALFAA),Harinas,Alimentos procesados con harina / exportador,Nuevo León,Monterrey,VP Supply Chain / Director Logística Internacional,Productos de panificación y embutidos con harina exportados a EE.UU.; temperatura en tránsito; trazabilidad FSMA; riesgo contaminación cruzada,200+,Terrestre refrigerado,Laredo TX,"ISO 9001, ISO 22000, FSSC 22000, FSMA, BRC",ALFA Net Zero 2040,Alta,Cotiza BMV (ALFA); exportación masiva productos alimenticios; temperatura crítica; mandato sostenibilidad activo,sigma-alimentos.com; BMV ALFA RA 2024,linkedin.com/company/sigma-alimentos,sigma-alimentos.com
DHL Supply Chain — División Alimentos Secos MX,DHL / Deutsche Post,Harinas,Operador logístico 3PL alimentos,Estado de México,Tlalnepantla,Director de Operaciones Alimentos,Temperatura y humedad en carga alimentaria seca; cumplimiento FSMA multi-cliente; trazabilidad unificada para exportadores de harina,400+,Terrestre,"Laredo TX, El Paso TX","ISO 9001, ISO 22000, BASC, C-TPAT, FSMA",DHL GoGreen 2030,Alta,3PL alimentos multi-cliente; FSMA trazabilidad para todos sus clientes; mandato sostenibilidad DHL GoGreen,dhl.com/mx/alimentos; DHL GoGreen 2024,linkedin.com/company/dhl,dhl.com
GRUMA — Planta Hermosillo Sonora,GRUMA S.A.B. (BMV: GRUMAB),Harinas,Harina maíz noroeste + exportación,Sonora,Hermosillo,Gerente de Planta y Logística Noroeste,Planta noroeste; temperatura extrema Sonora; exportación a California y Arizona; ruta desértica crítica para calidad de harina,60+,Terrestre,Nogales AZ,"ISO 22000, FSSC 22000",GRUMA Sustainability 2030,Alta,Ruta de temperatura extrema (50°C verano); humedad crítica en harina; exportación directa California/Arizona,gruma.com; BMV GRUMA 2024,linkedin.com/company/gruma,gruma.com
Grupo Lala S.A.B. de C.V. — División Exportación,Grupo Lala (BMV: LALAB),Harinas,Lácteos y productos con harina / exportador,Durango,Gómez Palacio,Director de Supply Chain Internacional,Exportación de productos lácteos y panificados con harina a EE.UU.; temperatura refrigerada crítica; FSMA trazabilidad; ruta Durango-frontera de alta exposición,150+,Terrestre refrigerado,"Eagle Pass TX, Laredo TX","ISO 9001, ISO 22000, FSSC 22000, FSMA",Lala Comprometidos 2030,Alta,Cotiza BMV; temperatura crítica (refrigerado); FSMA alta; expansión EE.UU. activa,lala.com.mx; BMV Lala RA 2024,linkedin.com/company/grupo-lala,lala.com.mx
Bodega Aurrerá / Walmart MX — Importaciones propias harina,Walmart Inc. (NYSE: WMT),Harinas,Retailer / private label importador,Ciudad de México,Ciudad de México,Director de Importaciones y Marcas Propias,Private label de harinas importadas desde MX a EE.UU.; trazabilidad FSMA para marca propia; temperatura almacén distribución,100+,Terrestre,Laredo TX,"FSMA, GFSI",Walmart Project Gigaton 2040,Alta,Cliente CLCircular existente (presentación corporativa); mandato sostenibilidad Walmart Project Gigaton; trazabilidad FSMA,walmartmexico.com.mx; CLCircular deck comercial,linkedin.com/company/walmart,walmartmexico.com.mx
Minsa — Planta Torreón,Grupo Minsa (privado),Harinas,Harina maíz centro-norte,Coahuila,Torreón,Gerente de Planta y Logística,Distribución zona La Laguna y exportación norte; temperatura extrema verano Coahuila; humedad sacos en almacén,40-60,Terrestre,"Eagle Pass TX, Laredo TX","ISO 22000, HACCP",Reducción residuos,Media-Alta,Zona de temperatura extrema = sensor relevante; exportación norte activa,gruposminsa.com; CANAMI 2024,linkedin.com/company/minsa,gruposminsa.com
Grupo Trimex — Molino 6 Hermanos,Grupo Trimex (privado),Harinas,Harina trigo / marcas 6 Hermanos y 6 Aspas,Guanajuato,Irapuato,Director de Operaciones,Exportación harina trigo a Texas; humedad en sacos en tránsito; competencia precio; trazabilidad FSMA,40-60,Terrestre,Laredo TX,"ISO 22000, HACCP",Packaging sostenible en evaluación,Media-Alta,Segundo jugador trigo MX→EE.UU.; humedad crítica; zona Bajío nearshoring,trimex.com.mx; CANIMOLT 2024,linkedin.com/company/grupo-trimex,trimex.com.mx
Harinera del Golfo S.A. de C.V.,Independiente,Harinas,Harina trigo para tortilla de harina,Veracruz,Veracruz,Director de Exportaciones,Exportación harina trigo vía Puerto Veracruz; puerto señalado como zona de riesgo; humedad en sacos en ambiente portuario costero,20-40,Marítimo,Puerto Veracruz → Houston TX,"ISO 22000, HACCP",En evaluación,Media-Alta,Puerto Veracruz = zona de riesgo señalada; humedad ambiente portuario crítica para harina,CANIMOLT directorio 2024; Puerto Veracruz estadísticas,N/A,N/A
Harinera La Espiga S.A. de C.V.,Independiente,Harinas,Harina trigo panificación / exportación,Ciudad de México,Ciudad de México,Director de Exportaciones,Harina trigo premium para panaderías artesanales en EE.UU.; humedad en sacos en tránsito; competencia precio con marcas americanas,20-40,Terrestre,Laredo TX,"ISO 22000, HACCP",Packaging eco-friendly,Media,Harina premium sensible; mercado de alta exigencia calidad; FSMA trazabilidad,CANIMOLT directorio 2024; harinalaespiga.com,N/A,harinalaespiga.com
Harinera Moctezuma (Grupo Lala área harinas),Grupo LaLa (BMV: LALAB),Harinas,Harinas para panificación industrial,Durango,Gómez Palacio,Gerente de Logística Industrial,Harina para producción industrial de pan y lácteos; temperatura en almacén; distribución zona La Laguna; exportación indirecta vía Bimbo/Sigma,30-50,Terrestre,Eagle Pass TX,"ISO 22000, HACCP",Reducción huella hídrica,Media,Proveedor de industria panificación; zona La Laguna; exportación indirecta creciente,CANIMOLT directorio 2024,N/A,N/A
Molino Harinero del Pacífico S.A.,Independiente,Harinas,Harina trigo noroeste / exportación,Sinaloa,Mazatlán,Gerente General / Director Operaciones,Exportación harina trigo vía Mazatlán; humedad del ambiente costero crítica; Puerto Mazatlán como alternativa Manzanillo,10-20,Marítimo,Puerto Mazatlán → Los Ángeles CA,"ISO 22000, HACCP",Packaging eco-friendly en evaluación,Media,Región noroeste en crecimiento; humedad costera crítica; exportación marítima directa California,CANIMOLT directorio 2024; Puerto Mazatlán estadísticas,N/A,N/A
SQM México (especialidades agroindustriales / harinas especiales),SQM S.A. (NYSE: SQM),Harinas,Ingredientes especiales / harinas funcionales,Ciudad de México,Ciudad de México,Supply Chain Manager,Ingredientes especiales sensibles a temperatura y humedad; exportación B2B a industria alimentos EE.UU.; FSMA trazabilidad,20-40,Aéreo + Terrestre,"Laredo TX, aeropuerto CDMX","ISO 9001, ISO 22000, FSMA",SQM Sustainability 2030,Media,Ingredientes de alto valor; temperatura crítica; cotiza NYSE con mandato ESG,sqm.com/mexico; SQM Annual Report 2024,linkedin.com/company/sqm,sqm.com
C&S Wholesale Grocers / Proveedor Harina (distribuidor EE.UU. con origen MX),"C&S Wholesale (privado, USA)",Harinas,Distribuidor mayorista EE.UU. harina mexicana,"N/A (sede USA, operaciones MX)",N/A,Import Logistics Manager,Importación harina y productos mexicanos; FSMA trazabilidad lado americano; temperatura almacén distribución multi-temperatura,50+,Terrestre,Laredo TX,"FSMA, GFSI",C&S Sustainability programa,Media,Distribuidor americano que compra a exportadores mexicanos; puede requerir trazabilidad a sus proveedores mexicanos,cswg.com; FSMA importation requirements 2024,linkedin.com/company/cs-wholesale-grocers,cswg.com
MINSA — Planta Mérida,Grupo Minsa (privado),Harinas,Harina maíz sureste / exportación,Yucatán,Mérida,Gerente de Planta y Distribución,Distribución sureste y exportación vía Puerto Progreso; humedad tropical crítica para harina maíz; crecimiento turismo Yucatán = mayor demanda,20-30,Marítimo + Terrestre,Puerto Progreso,"ISO 22000, HACCP",Reducción residuos,Media-Baja,Zona tropical = humedad crítica; exportación marítima creciente,gruposminsa.com; CANAMI 2024,linkedin.com/company/minsa,gruposminsa.com
Harinera San Marcos (Guerrero),Independiente,Harinas,Harina trigo artesanal / panificación local,Guerrero,San Marcos,Gerente General,Distribución regional; costos de exportación altos para pequeño productor; acceso a trazabilidad a precio asequible = caso de uso CLCircular ideal,5-10,Terrestre,N/A (distribución local/nacional),COFEPRIS,Local sourcing,Baja,Pequeño productor; exploratoria; caso de uso asequibilidad CLCircular,CANIMOLT directorio 2024,N/A,N/A
